{
    "background-color": "{background}",
    "badge-color": "{foreground}",
    "bold-color": "{foreground}",
    "comment": "",
    "cursor-background-color": "{background}",
    "cursor-foreground-color": "{cursor}",
    "foreground-color": "{foreground}",
    "highlight-background-color": "{background}",
    "highlight-foreground-color": "{foreground}",
    "name": "wal export",
    "palette": [
        "{color0}",
        "{color1}",
        "{color2}",
        "{color3}",
        "{color4}",
        "{color5}",
        "{color6}",
        "{color7}",
        "{color8}",
        "{color9}",
        "{color10}",
        "{color11}",
        "{color12}",
        "{color13}",
        "{color14}",
        "{color15}"
    ],
    "use-badge-color": false,
    "use-bold-color": false,
    "use-cursor-color": false,
    "use-highlight-color": false,
    "use-theme-colors": false
}
